project_name,project_description,project_type,project_manager,region,department,project_cost,project_benefit,complexity,status,completion%,phase,year,month,start_date,end_date,planned_cost,actual_cost,fte_reduction,avg_salary,cost_variance,cost_variance_pct,fte_savings,roi_pct,roi_norm,fte_norm,variance_norm,portfolio_score,priority_rank
Rhinestone,Associations Now Is A Casual Game To Teach You How .Io Algorithmically Creates Content For You. It Is The World First Game For Content Marketing Education. Find Out How Your Topic Is Used In The Wild.,INCOME GENERATION,Yael Wilcox,North,retail_banking," 3,648,615.00 "," 8,443,980.00 ",High,In - Progress,77%,Phase 4 - Implement,2021,2,2/1/2021,6/1/2021,2645928,2557793.705770534,1,95005.38461538461,88134.294229466,3.33,95005.38,3.71,0.05124309392265193,0.22282988007623167,0.19249116872807095,0.145,57.0
A Triumph Of Softwares,Is A Fully Managed Content Marketing Software Deal For Saas Companies Who Want To Focus On Their Customers And The Big Idea In 2018.,INCOME GENERATION,Brenda Chandler,West,marketing," 4,018,835.00 "," 9,012,225.00 ",High,Cancelled,80%,Phase 2 - Develop,2021,3,3/1/2021,6/1/2021,2538566,2288335.0556201525,3,101049.38271604938,250230.9443798475,9.86,303148.15,13.25,0.1830110497237569,0.711017269862312,0.5465210490050305,0.45,19.0
The Blue Bird,"Most Content Marketers Know The Golden Rule: You Must Put Quality Content First. Is A Solution For Founders Who Want To Win At Content Marketing, And It Helps You Create Content Faster With State Of The Art Ai Generation. Our Proprietary Ai Analyzes The Content Of Your Competitors And Helps You Generate Optimized Content Faster.",INCOME GENERATION,Nyasia Hunter,North,it," 4,285,483.00 "," 9,078,339.00 ",High,Completed,100%,Phase 4 - Implement,2021,3,3/1/2021,6/1/2021,2163716,2030396.5277547888,2,96917.80821917808,133319.47224521125,6.16,193835.62,9.55,0.1319060773480663,0.4546307583749679,0.2911786070456835,0.277,44.0
Remembering Our Ancestors,"Utilize And Utilizes (Verb Form) The Open, Inclusive, And Uncontrollable Content Marketplace To Make Your Brand The Top Content Site For Your Topic.",PROCESS IMPROVEMENT,Brenda Chandler,East,marketing," 5,285,864.00 "," 8,719,006.00 ",High,Cancelled,75%,Phase 5 - Measure,2021,3,3/1/2021,6/1/2021,2571787,2409306.87079946,3,101049.38271604938,162480.12920054002,6.32,303148.15,12.58,0.17375690607734806,0.711017269862312,0.354867424063894,0.389,27.0
Skyhawks,"Is A Solution For Founders Who Want To Win At Content Marketing. We Use Proprietary Ai To Analyze The Competition For Your Topic, And To Help You Create Optimized Content Faster With State Of The Art Ai Generation.",WORKING CAPITAL IMPROVEMENT,Jaylyn Mckenzie,East,marketing," 5,785,601.00 "," 8,630,148.00 ",High,Completed,100%,Phase 1 - Explore,2021,3,3/1/2021,6/1/2021,852620,836325.6258513324,2,101049.38271604938,16294.374148667557,1.91,202098.77,24.17,0.33383977900552486,0.47401152105969074,0.03558799841754277,0.286,40.0
The Coding Master,"Association Now Operates Like An Ai Editor, Working Invisibly Behind The Scenes To Help Brands Create Optimized Content. Associations Now Ai Platform Analyzes The Competition For Your Topic. When Your Ai Content Is Complete, It’S Custom-Printed, Personalized, And Delivered To Your Audience.",PROCESS IMPROVEMENT,Nyasia Hunter,West,credit_risk," 3,326,031.00 "," 8,504,224.00 ",Medium,In - Progress,77%,Phase 3 - Plan,2021,3,3/1/2021,6/1/2021,1529798,1277925.8972747743,1,102085.42007590266,251872.10272522573,16.46,102085.42,7.99,0.11035911602209944,0.23943572349409833,0.5501054481396873,0.281,43.0
"Fierce, Inc.","While Traditional Marketing Approaches Have Never Been More Expensive, Is A Solution For Founders Who Want To Win At Content Marketing. Our Team Of Experienced Marketers Has Created A Proprietary Algorithm, Which Is Continuously Learned And Improved.",COST REDUCTION,Brenda Chandler,North,it," 4,557,606.00 "," 9,014,448.00 ",High,Completed,100%,Phase 5 - Measure,2021,4,4/1/2021,7/1/2021,1613568,1768676.4965660267,0,96917.80821917808,-155108.4965660267,-9.61,0.0,0.0,0.0,0.0,-0.338767287407021,-0.102,96.0
Mo-Money Masterclass,Associations Now Helps It Departments And Association Leaders Stay Ahead Of The Cyber-Threat Tidal Wave With Customized Security Solutions And Cybersecurity Strategies. Our Customers Include Is The Boards Of Governors Of The Most Famous And Influential Associations In The World.​​,WORKING CAPITAL IMPROVEMENT,Yael Wilcox,West,retail_banking," 3,190,009.00 "," 8,674,613.00 ",High,Completed,100%,Phase 1 - Explore,2021,4,4/1/2021,7/1/2021,2329405,2393914.9555028863,0,95005.38461538461,-64509.955502886325,-2.77,0.0,0.0,0.0,0.0,-0.1408940394645477,-0.042,92.0
Town Hall Meeting,"Was Founded By A Group Of Marketers Who Were Tired Of Relying On Content Creation Scripts And Templates, And Wanted To Run A Business With The Perfect Balance Of Creativity And Efficiency. We Believe That Automation Is The Key To Optimizing The Way We Create And Consume Content And We Want To Give Founders And Marketers The Same Tools We Use To Scale Our Own Content Marketing Efforts.",COST REDUCTION,Nyasia Hunter,North,retail_banking," 3,442,649.00 "," 9,070,797.00 ",Low,Completed,100%,Phase 2 - Develop,2021,5,5/1/2021,8/1/2021,1093852,1292516.4628922315,2,95005.38461538461,-198664.46289223153,-18.16,190010.77,14.7,0.20303867403314915,0.4456597836069119,-0.4338964188820263,0.085,70.0
Yosemite,You Are Leading Upstart On A Journey To Build Your Company. That Where The Journey Ends. Let Get You Over The Hump. We Are Just Two Industry Veterans Busy Building Our Own Company. We Know What It Like.,WORKING CAPITAL IMPROVEMENT,Kamari Norris,South,marketing," 3,475,275.00 "," 8,994,585.00 ",Low,On - Hold,90%,Phase 4 - Implement,2021,5,5/1/2021,8/1/2021,824956,855110.7651045509,0,101049.38271604938,-30154.76510455087,-3.66,0.0,0.0,0.0,0.0,-0.06586001542807858,-0.02,89.0
Disruptor Training,"Associations Now Provides A Solution For Founders Who Want To Win At Content Marketing. We Use Proprietary Ai To Analyze The Competition For Your Topic, And To Help You Create Optimized Content Faster With State Of The Art Ai Generation. Our Easy-To-Use Platform Makes It Easy Setup, Test, And Publish Content For Your Business.",INCOME GENERATION,Yael Wilcox,South,it," 3,508,173.00 "," 8,762,992.00 ",High,On - Hold,75%,Phase 5 - Measure,2021,5,5/1/2021,8/1/2021,1523009,1284261.7919968546,0,96917.80821917808,238747.2080031454,15.68,0.0,0.0,0.0,0.0,0.5214398038910553,0.156,54.0
A Salute To New Workers,"Every Year, Entrepreneurs And Startups Write Thousands Of Blog Posts And Press Releases. Those Who Succeed See Their Search Traffic And Revenue Skyrocket, While Those Who Fail Either Give Up Or Waste Tons Of Time And Money. Enables You To Run Ahead Of The Competition By Optimizing Content, And Generating Content For You At Scale.",WORKING CAPITAL IMPROVEMENT,Aleena Khan,West,retail_banking," 2,534,102.00 "," 9,072,551.00 ",Medium,In - Progress,93%,Phase 3 - Plan,2021,5,5/1/2021,8/1/2021,1762112,1484608.2079384034,1,95005.38461538461,277503.79206159664,15.75,95005.38,6.4,0.08839779005524862,0.22282988007623167,0.6060867648333578,0.284,41.0
Robust Routine,"In A Space Where A Huge Space For Play Is Created, Market Leaders Can Easily Die Out. To Maintain A Competitive Edge, You Need Marketing Trends That Help You Grow Your Audience, Grow Your Brand, And Grow Your Bottom Line. Associations Now Is The Marketing Tool Of Choice For Founders Who Want To Win.",PROCESS IMPROVEMENT,Yael Wilcox,South,operations," 5,130,016.00 "," 9,165,877.00 ",Low,Cancelled,73%,Phase 4 - Implement,2021,5,5/1/2021,8/1/2021,1614461,1686466.575012262,3,106589.58665625953,-72005.57501226198,-4.46,319768.76,18.96,0.261878453038674,0.749999994136388,-0.15726497171419024,0.283,42.0
Passion Chasers,"Is A Solution For Founders Who Want To Win At Content Marketing. We Use Proprietary Ai To Analyze The Competition For Your Topic, And To Help You Create Optimized Content Faster With State Of The Art Ai Generation. Technology \N \N Ai-Powered Content Management System For Cmos",COST REDUCTION,Brenda Chandler,South,operations," 5,953,512.00 "," 8,586,905.00 ",Medium,Cancelled,89%,Phase 2 - Develop,2021,6,6/1/2021,9/1/2021,2401551,2368695.5227615177,0,106589.58665625953,32855.47723848233,1.37,0.0,0.0,0.0,0.0,0.07175855060786951,0.022,84.0
Switch And Swift,"We Do All The Content For You, And We'Re Obsessively Committed To Making Sure You Win. We'Re Like A Startup In A Big Company.",PROCESS IMPROVEMENT,Deacon Delacruz,North,credit_risk," 4,170,710.00 "," 8,848,636.00 ",High,Cancelled,72%,Phase 5 - Measure,2021,6,6/1/2021,9/1/2021,662504,646787.000088657,4,102085.42007590266,15716.99991134298,2.37,408341.68,63.13,0.8719613259668508,0.9577428939763933,0.03432697462756693,0.646,2.0
The Guy With Codes,"Is A Platform That Helps You Generate Scalable Content That Converts. ’S Ai Engine Allows You To Create Content That Will Outperform Competitors, Build Brand Awareness, And Maximize Conversions.",WORKING CAPITAL IMPROVEMENT,Jaylyn Mckenzie,South,marketing," 3,472,986.00 "," 9,125,362.00 ",Medium,Completed,100%,Phase 4 - Implement,2021,7,7/1/2021,10/1/2021,2593867,2513309.624476522,3,101049.38271604938,80557.3755234778,3.11,303148.15,12.06,0.16657458563535912,0.711017269862312,0.1759426736181432,0.333,32.0
Hex Clan,"Allows Founders To Focus On What’S Important, Namely Their Core Business. Ai Takes The Work Out Of Determining Who Should Win The Content Marketing Battle, While ’S Proprietary Technology Help Founders Speed Their Content Production By Identifying Actionable Insights From Content Analysis.",PROCESS IMPROVEMENT,Jaylyn Mckenzie,South,retail_banking," 3,478,794.00 "," 8,846,264.00 ",Medium,Cancelled,82%,Phase 2 - Develop,2021,7,7/1/2021,10/1/2021,1123069,931173.7844309973,4,95005.38461538461,191895.21556900267,17.09,380021.54,40.81,0.5636740331491713,0.8913195672138238,0.4191119318665048,0.619,4.0
Limitless Horizons,Outside Offers A Solution For Founders Who Want To Win At Content Marketing—We Help You Create Optimized Content Faster And More Effectively With State Of The Art Ai Generation.,WORKING CAPITAL IMPROVEMENT,Jaylyn Mckenzie,South,credit_risk," 4,413,449.00 "," 8,547,257.00 ",High,Completed,100%,Phase 4 - Implement,2021,8,8/1/2021,11/1/2021,781852,879321.8605735813,1,102085.42007590266,-97469.8605735813,-12.47,102085.42,11.61,0.16035911602209943,0.23943572349409833,-0.2128806674133217,0.072,77.0
The Wonders Of Geek,"Is Superior At What It Does. One Examination Of Our Databases Shows Us That, On Average, Competitors Create Content An Average Of 10 Days Before Us. With Our Ai At Work, That Gap Shrs To 2 Days.",INCOME GENERATION,Kamari Norris,South,marketing," 3,440,225.00 "," 8,761,979.00 ",High,In - Progress,91%,Phase 3 - Plan,2021,9,9/1/2021,12/1/2021,1323862,1090293.7075132928,3,101049.38271604938,233568.2924867072,17.64,303148.15,27.8,0.38397790055248615,0.711017269862312,0.5101287074646447,0.52,15.0
Sputnik,"How Do Asos, Walmart, And Lululemon Do It? They Are All Wildly Successful Brands On The Internet Because They Are Constantly Pushing Out Content For Their Target Audience. However, With The Rise Of Ad Blockers, This Has Become Harder And Harder For The Average Internet Marketer To Achieve. Was Created To Provide An Answer! Uses Ai To Analyze The Competition For Your Topic And To Help You Create The Perfect Content Faster.",INCOME GENERATION,Kamari Norris,East,it," 2,900,355.00 "," 8,979,944.00 ",High,In - Progress,84%,Phase 1 - Explore,2021,10,10/1/2021,1/1/2022,2490304,2264061.6413398953,2,96917.80821917808,226242.35866010468,9.08,193835.62,8.56,0.11823204419889502,0.4546307583749679,0.4941283800479901,0.332,33.0
Annual Award Show,"’S Online Content Marketing Solution Gives Content Creators The Power To Create Optimized Content Faster. With Our Sophisticated Ai Technology, It Is Easy To Reach An Audience Of Relevant, Interested People Without Spending Endless Hours On Content Development.",PROCESS IMPROVEMENT,Aleena Khan,East,operations," 5,505,123.00 "," 9,088,011.00 ",High,Completed,100%,Phase 3 - Plan,2021,10,10/1/2021,1/1/2022,2645742,2902362.0965399765,3,106589.58665625953,-256620.09653997654,-9.7,319768.76,11.02,0.1522099447513812,0.749999994136388,-0.5604753828683354,0.118,63.0
Active Achievement,Helps Founders And Marketers Generate Better Topics And Content For Their Organization. We’Re A Software As A Service That Helps Organizations Compete Against Other Organizations By Leveraging Ai And Unique Algorithms To Provide Unique Points Of Differentiation And Competitive Edge.,INCOME GENERATION,Deacon Delacruz,North,retail_banking," 2,548,471.00 "," 9,025,609.00 ",Low,Cancelled,78%,Phase 5 - Measure,2021,11,11/1/2021,3/1/2022,832957,791355.8659312249,2,95005.38461538461,41601.13406877511,4.99,190010.77,24.01,0.33162983425414366,0.4456597836069119,0.09085964762436845,0.294,38.0
Static Startup,"If You Are Making Less Than $50,000 With Your Startup Company, You’Re In Luck. Companies Who Are Making Less Than That Are Eligible For The Associations Now Program. Associations Now Is An Algorithm That Helps Startups Find Niche Or Narrow Topics That Are Related To Your Industry Or Target Audience. It Is Like Word Of Mouth Marketing, But You Pay For It!",COST REDUCTION,Jaylyn Mckenzie,East,retail_banking," 5,869,643.00 "," 8,802,862.00 ",High,Completed,100%,Phase 3 - Plan,2021,12,12/1/2021,3/1/2022,2670738,2512874.536563236,0,95005.38461538461,157863.4634367642,5.91,0.0,0.0,0.0,0.0,0.3447843185456,0.103,64.5
The Successful Project,"Our Content Automation Is 100% Customizable--Creating High Quality Content, With Optimized Structure, That Is Shared Across All Social Media Channels. We Automatically Generate Content For You By Scanning The Sites Of Your Competition--Allowing You To Never Be Caught Off Guard Again. Additionally, Offers A Service That Will Help You Generate The Content For Your Site--So You Can Spend More Time Growing Your Brand, And Less Time On Content Creation.",WORKING CAPITAL IMPROVEMENT,Deacon Delacruz,East,operations," 5,974,815.00 "," 8,973,631.00 ",Low,Cancelled,86%,Phase 5 - Measure,2022,1,1/1/2022,5/1/2022,1483607,1743865.6622552897,2,106589.58665625953,-260258.66225528973,-17.54,213179.17,12.22,0.16878453038674032,0.49999998827277575,-0.5684222527350299,0.047,79.0
Excalibur Training,"Attention, Founders. We Automatically Generate Content For You By Scanning The Sites Of Your Competition--Allowing You To Never Be Caught Off Guard Again. Additionally, Offers A Service That Will Help You Generate The Content For Your Site--So You Can Spend More Time Growing Your Brand, And Less Time On Content Creation.",INCOME GENERATION,Brenda Chandler,West,credit_risk," 3,814,857.00 "," 8,529,903.00 ",Low,Cancelled,84%,Phase 5 - Measure,2022,2,2/1/2022,6/1/2022,1944689,2130432.918206136,2,102085.42007590266,-185743.9182061362,-9.55,204170.84,9.58,0.13232044198895027,0.47887144698819667,-0.40567708872259506,0.075,75.5
Enter Coding,"Registered As An Llc, Company Is Working To Match Your Brand With The Perfect Audience.",PROCESS IMPROVEMENT,Nyasia Hunter,South,it," 2,871,386.00 "," 8,694,563.00 ",Low,In - Progress,86%,Phase 2 - Develop,2022,3,3/1/2022,6/1/2022,944827,844586.0700343489,4,96917.80821917808,100240.92996565113,10.61,387671.23,45.9,0.6339779005524862,0.9092614932954872,0.2189328675309891,0.592,6.0
Code Poltergeists,"We Promised Our Founders A High-Quality Product, A Profitable Business, And A Successful Startup Dealing With A Hot Issue Or Pain Point. We Also Promised That Today’S Top Brand Content Marketers Would Have A Tough Time Beating Our Products. That’S Why We Created Incker, A Unique Ai Solution That Can Generate Content Your Audience Will Never Get Enough Of.",INCOME GENERATION,Aleena Khan,North,it," 3,201,907.00 "," 8,800,186.00 ",High,Cancelled,77%,Phase 4 - Implement,2022,3,3/1/2022,6/1/2022,2480014,2266456.4170089797,1,96917.80821917808,213557.5829910203,8.61,96917.81,4.28,0.05911602209944751,0.22731537918748396,0.4664239851249623,0.232,49.0
Great Leadership,"Is For Founders With Content Marketing On Their Minds. Imagine Being Able To Find Your Targeted Customer On Instagram In Seconds, Share Your Content On The Same Platform Automatically, And Then Use These Insights To Create New Metrics Based On Your Audience’S Engagement.",INCOME GENERATION,Aleena Khan,West,it," 5,609,775.00 "," 9,084,256.00 ",High,Completed,100%,Phase 3 - Plan,2022,4,4/1/2022,7/1/2022,2946859,2655211.2423290834,4,96917.80821917808,291647.7576709166,9.9,387671.23,14.6,0.2016574585635359,0.9092614932954872,0.6369781277743161,0.545,8.0
Charged By Codes,’S Marketing Solution Is Smart Marketing Software That Helps Founders Find Their Audience And Reach The Influencers That Could Launch Their Brand.,PROCESS IMPROVEMENT,Yael Wilcox,South,operations," 5,044,306.00 "," 8,752,182.00 ",Low,Completed,100%,Phase 1 - Explore,2022,4,4/1/2022,7/1/2022,808376,767222.0713528771,4,106589.58665625953,41153.92864712293,5.09,426358.35,55.57,0.7675414364640883,1.0,0.08988292119763572,0.634,3.0
Center For Creative Coding,"Intelligently Creates Seed Content For You With Immediate Impact, So You Can Spend Less Time On Content That Works. Uses Deep Understanding Of The Editorial Calendars Of The Most Influential Publishers In The World To Push The Right Content To The Right People. We Use Ai To Analyze Your Competitors, So You Can Begin To Dominate With Content Marketing.",PROCESS IMPROVEMENT,Yael Wilcox,North,retail_banking," 2,931,685.00 "," 8,971,678.00 ",Medium,On - Hold,77%,Phase 1 - Explore,2022,4,4/1/2022,7/1/2022,2776961,2984852.1251947484,2,95005.38461538461,-207891.1251947484,-7.49,190010.77,6.37,0.08798342541436463,0.4456597836069119,-0.45404806388693875,0.033,81.0
The Principal Of Change,"Is The Solution For Founders Who Want To Win At Content Marketing. We Use Proprietary Ai To Analyze The Competition For Your Topic, And To Help You Create Optimized Content Faster With State Of The Art Ai Generation.",WORKING CAPITAL IMPROVEMENT,Kamari Norris,North,operations," 3,730,999.00 "," 8,715,081.00 ",Medium,In - Progress,77%,Phase 1 - Explore,2022,4,4/1/2022,7/1/2022,1815783,2100379.5297972797,3,106589.58665625953,-284596.52979727974,-15.67,319768.76,15.22,0.21022099447513812,0.749999994136388,-0.6215777764555609,0.123,61.0
Orange Leaders,"Is A Solution For Brands And Bloggers To Win At Content Marketing. We Use Proprietary Ai To Analyze The Competition For Your Topic, And To Help Create Optimized Content Faster, With State Of The Art Ai Generation. Unlike Machine Learning Which Takes Days For Results, Delivers Content In Less Than 2 Hours.",INCOME GENERATION,Aleena Khan,North,credit_risk," 4,502,248.00 "," 9,011,638.00 ",Medium,In - Progress,77%,Phase 5 - Measure,2022,5,5/1/2022,8/1/2022,1701093,1824360.6729425222,2,102085.42007590266,-123267.67294252221,-7.25,204170.84,11.19,0.15455801104972375,0.47887144698819667,-0.2692248078746483,0.125,59.0
Associations Now,"Is A Start-Up That Is Changing The Way We Th About Content Marketing. From Your Ideation Phase To Content Creation To Post-Launch Optimization, We Help You Compete In A Competitive Market By Optimizing The Content In Realtime And Inefficiencies And Inefficiencies And Inefficiencies And Inefficiency Inefficiency Inefficiency Inefficiencies.",WORKING CAPITAL IMPROVEMENT,Nyasia Hunter,East,marketing," 2,450,782.00 "," 8,470,209.00 ",Medium,On - Hold,91%,Phase 5 - Measure,2022,6,6/1/2022,9/1/2022,819518,691409.3517493415,3,101049.38271604938,128108.64825065853,15.63,303148.15,43.84,0.605524861878453,0.711017269862312,0.2797978203778261,0.539,10.0
Coding Region,"Is Built For Entrepreneurs And Creators Who Want To Beat Their Goals And Win At Content Marketing. With State Of The Art Ai Capabilities, We’Ve Developed A Proprietary Engine That Helps You Create Your Optimized Objective Content Faster Than Ever Before, And It’S Without Any Employees. Simply Plug In The Topic Of Your Choosing And Let Our Ai Do The Rest.",PROCESS IMPROVEMENT,Deacon Delacruz,North,operations," 3,718,103.00 "," 9,127,150.00 ",Low,Cancelled,87%,Phase 1 - Explore,2022,6,6/1/2022,9/1/2022,682021,743067.701964368,4,106589.58665625953,-61046.701964367996,-8.95,426358.35,57.38,0.7925414364640884,1.0,-0.13333006306853384,0.577,7.0
"Linkage, Inc.","Rebranding Is An Art, And Associations Now Is Your Main Tool. Engage New Customers And Keep Existing Ones With Custom-Tailored And Personalized Content And Experiences And An Easy-To-Use Interface.",INCOME GENERATION,Brenda Chandler,West,operations," 5,913,478.00 "," 9,096,409.00 ",Medium,Cancelled,74%,Phase 1 - Explore,2022,6,6/1/2022,9/1/2022,1408057,1282121.9719314256,1,106589.58665625953,125935.02806857438,8.94,106589.59,8.31,0.11477900552486188,0.25000000586361215,0.2750504891275077,0.203,51.0
The Success,5-15% Of Your First Product Sale Is The Payback.,INCOME GENERATION,Yael Wilcox,South,operations," 2,631,019.00 "," 8,584,025.00 ",Low,Completed,100%,Phase 3 - Plan,2022,7,7/1/2022,10/1/2022,2661392,2796804.0328520276,2,106589.58665625953,-135412.03285202757,-5.09,213179.17,7.62,0.10524861878453037,0.49999998827277575,-0.2957488987846934,0.103,64.5
Yoda,"A New Method For Creating Content Is On The Horizon. Instead Of Grinding Away At A Text Editor, Is A Brand New Solution For Founders Who Want To Win At Content Marketing. By Using A Proprietary Ai, Analyzes The Competition For Your Topic Online Based On The Density Of Articles (Seo), Average Length (Ltv), Content Analysis (Average Article Quality), And Other Popular Ranking Factors To Act As Your Content Marketing Coach. This Means You Can Create Optimized Content Faster With State-",COST REDUCTION,Yael Wilcox,North,it," 5,859,707.00 "," 8,697,391.00 ",Medium,In - Progress,80%,Phase 4 - Implement,2022,7,7/1/2022,10/1/2022,1869947,1566696.7528572546,1,96917.80821917808,303250.2471427454,16.22,96917.81,6.19,0.08549723756906077,0.22731537918748396,0.6623187375575255,0.301,37.0
Match Of Health,Quickly Identify Who Your Competition Is On Any Given Topic-Using Ai Learn How To Create Optimal Content Faster With State Of The Art Ai Generation-Compete On Topics Across Industries-Discover What Content Works,COST REDUCTION,Kamari Norris,West,marketing," 4,172,827.00 "," 8,942,009.00 ",High,In - Progress,75%,Phase 1 - Explore,2022,7,7/1/2022,10/1/2022,746652,877338.8456221052,4,101049.38271604938,-130686.84562210517,-17.5,404197.53,46.07,0.6363259668508287,0.948023018664933,-0.28542877515632914,0.453,18.0
Yaeger,"""15 Five"" Is The World Most Sophisticated Content Marketing Ai Engine. We Bundle Our Ai With Our Service To Help Companies Climb Up The Middle.",INCOME GENERATION,Aleena Khan,East,retail_banking," 4,249,668.00 "," 8,548,973.00 ",Low,In - Progress,89%,Phase 1 - Explore,2022,8,8/1/2022,11/1/2022,653126,693591.5653593203,0,95005.38461538461,-40465.56535932026,-6.2,0.0,0.0,0.0,0.0,-0.08837948992905771,-0.027,90.0
Fast & Creative Gang,"Completely Transform How Your Content Marketing Is Done. No Waiting, No Stressing, No More Out-Of-Date Content. We Make Content Strategy Accessible To Everyone. Our Artificial Intelligence (Ai) Platform Tells You What Content To Create, When To Create It, And How To Get Results. You Get Better Results, Happier Founders, And Get Positive Roi At The Same Time.",PROCESS IMPROVEMENT,Aleena Khan,North,it," 3,156,318.00 "," 9,111,026.00 ",Medium,Completed,100%,Phase 3 - Plan,2022,8,8/1/2022,11/1/2022,2296390,2072860.141648851,0,96917.80821917808,223529.8583511489,9.73,0.0,0.0,0.0,0.0,0.4882040987088018,0.146,56.0
The Coding Expert,"Hipaa-Compliant, Compliance Analytics. Automated Data Collection. Robust Web-To-Print.",PROCESS IMPROVEMENT,Yael Wilcox,East,credit_risk," 3,978,102.00 "," 8,488,880.00 ",Medium,In - Progress,79%,Phase 5 - Measure,2022,8,8/1/2022,11/1/2022,687843,564012.3793775148,4,102085.42007590266,123830.62062248518,18.0,408341.68,72.4,1.0,0.9577428939763933,0.27045432310247436,0.768,1.0
No-Bull Bootcamp,"Is The Only Ai-Enabled Content Marketing Tool That Helps Founders Win At Content Marketing. Built By Marketers For Marketers, Our Proprietary Ai Technology Analyzes The Competition For Specific Topics, And Our Content Generation Engine Provides State Of The Art Ai-Generated Content For Maximum Impact.",COST REDUCTION,Kamari Norris,West,credit_risk," 2,745,999.00 "," 8,567,877.00 ",Low,Cancelled,88%,Phase 4 - Implement,2022,9,9/1/2022,12/1/2022,1298706,1361880.675018463,0,102085.42007590266,-63174.67501846305,-4.86,0.0,0.0,0.0,0.0,-0.13797769795102494,-0.041,91.0
Search Engine Master,"Associations Now Is A Fully-Nightly, Optimized Content Marketing Platform That Won'T Just Create The Perfect Page For Your Associations, It'Ll Beat Anything Else Out There.",WORKING CAPITAL IMPROVEMENT,Jaylyn Mckenzie,West,operations," 3,787,473.00 "," 8,726,782.00 ",Medium,Cancelled,77%,Phase 1 - Explore,2022,9,9/1/2022,12/1/2022,1247566,1279845.7750849884,1,106589.58665625953,-32279.775084988447,-2.59,106589.59,8.33,0.11505524861878452,0.25000000586361215,-0.07050117876034803,0.1,68.0
School Leadership 2.0,"Want To Win At Content Marketing? Is Here To Help. We Give You The Capability To Output Highly-Optimized, Contextual Content Through Ai-Generated Content In Minutes. You Can Build In Content In Minutes Without Having To Even Write Anything. Our In-House Ai Takes Care Of The Optimizing Of All Your Content For Your Industry And Audience.",COST REDUCTION,Kamari Norris,West,retail_banking," 4,497,364.00 "," 9,022,111.00 ",High,Completed,100%,Phase 2 - Develop,2022,10,10/1/2022,1/1/2023,2785687,2357478.133028793,1,95005.38461538461,428208.86697120685,15.37,95005.38,4.03,0.05566298342541436,0.22282988007623167,0.9352366860555512,0.37,29.0
The Experienced Dude,"Gets You Up And Running Quickly By Creating A Compelling Content Plan For You Including A Depth Of Content, How To Optimize It, And A Detailed Budget.",INCOME GENERATION,Aleena Khan,South,marketing," 5,570,834.00 "," 8,429,375.00 ",Low,In - Progress,75%,Phase 4 - Implement,2022,10,10/1/2022,1/1/2023,1677259,1777169.7497240263,4,101049.38271604938,-99910.7497240263,-5.96,404197.53,22.74,0.3140883977900552,0.948023018664933,-0.21821173189182683,0.345,30.0
Evening Shindig,"Is A Completely Different Way Of Creating Content\N\Nai Generates As-Human-Ly As Possible. In Seconds, Your Topics Become Insanely Crisp, Resonating With Your Target Audience. Allowing You To Spend Hours More Writing And Refining That Perfect Copy, Rather Than Squinting At A Spreadsheet And Grasping At Straws. Our App Empowers You To Share And Sell Your Content And Goes Behind The Scenes To Help You Understand Your Products And Services, And More Importantly Your Products And Services",WORKING CAPITAL IMPROVEMENT,Kamari Norris,East,it," 3,472,531.00 "," 9,084,736.00 ",Low,Cancelled,83%,Phase 3 - Plan,2022,11,11/1/2022,3/1/2023,628027,694159.191631857,1,96917.80821917808,-66132.19163185696,-10.53,96917.81,13.96,0.19281767955801105,0.22731537918748396,-0.14443711121826758,0.102,66.0
The Morning Ceremony,Lead With Content Optimization Plans In Place In Advance Of Your Next Pr Push. Helps Your Media Team Create Content In Advance Of Your Next Pr Push. The Ai Helps You Optimize For Future Content In Order To Win In The Game Of Content Marketing.,WORKING CAPITAL IMPROVEMENT,Jaylyn Mckenzie,South,it," 4,802,423.00 "," 8,780,231.00 ",High,In - Progress,77%,Phase 5 - Measure,2022,11,11/1/2022,3/1/2023,1362683,1524156.6136724025,2,96917.80821917808,-161473.61367240245,-11.85,193835.62,12.72,0.17569060773480663,0.4546307583749679,-0.35266912711208864,0.101,67.0
Mentee To Mentor,"Content Is A Cornerstone Of Modern Building A Communications Strategy. It Informs And Engages Audiences, And Serves Consumers Well. However, A Seldom-Addressed Challenge For Marketers Is Building A Consistent Brand Based On Consistent Content That Stands Out With Consumers.",INCOME GENERATION,Nyasia Hunter,West,retail_banking," 5,072,095.00 "," 8,665,889.00 ",Low,On - Hold,80%,Phase 4 - Implement,2022,11,11/1/2022,3/1/2023,2535509,2731624.445905533,0,95005.38461538461,-196115.44590553315,-7.73,0.0,0.0,0.0,0.0,-0.4283291960073552,-0.128,97.0
The Code Honors,"Is The World First Content Marketing Platform Built For Founders And Other Small-To-Medium-Business Organizations. Using Proprietary Ai, We Use Ai Technology To Power Content Marketing For Our Entrepreneurs And Smbs. Get Your Roi With Smart Content Marketing And Your Business Will Never Be The Same",WORKING CAPITAL IMPROVEMENT,Brenda Chandler,East,it," 5,896,885.00 "," 8,539,690.00 ",Medium,Cancelled,88%,Phase 3 - Plan,2022,12,12/1/2022,3/1/2023,2590349,2466459.4006120916,0,96917.80821917808,123889.59938790835,4.78,0.0,0.0,0.0,0.0,0.27058313665440326,0.081,71.5
Road-To-Success Workshop,"Works With You To Win. You Can Get Started With 10 Days Free Trial.\N-Works With Any Size Company, No Matter Your Size\N-All Features Are Accessible From Our Wordpress Plugin",COST REDUCTION,Brenda Chandler,North,operations," 4,646,988.00 "," 9,006,076.00 ",Medium,Completed,100%,Phase 2 - Develop,2022,12,12/1/2022,3/1/2023,1349851,1118654.4778953893,3,106589.58665625953,231196.5221046107,17.13,319768.76,28.59,0.3948895027624309,0.749999994136388,0.504948602979826,0.534,12.0
Code Change Group,Join Up With The Leader Of The Pack. All Founders Need To Win At Content Marketing,COST REDUCTION,Nyasia Hunter,North,credit_risk," 5,412,530.00 "," 8,527,421.00 ",Medium,In - Progress,80%,Phase 2 - Develop,2023,1,1/1/2023,5/1/2023,2692975,3118692.505529106,4,102085.42007590266,-425717.5055291061,-15.81,408341.68,13.09,0.18080110497237567,0.9577428939763933,-0.9297953867303937,0.081,71.5
Yellow Moose,Get Connected To The Right People & Knowledge,WORKING CAPITAL IMPROVEMENT,Brenda Chandler,North,credit_risk," 5,543,765.00 "," 8,769,988.00 ",Medium,On - Hold,77%,Phase 2 - Develop,2023,2,2/1/2023,6/1/2023,2400766,1942904.5053047715,2,102085.42007590266,457861.4946952285,19.07,204170.84,10.51,0.14516574585635358,0.47887144698819667,1.0,0.502,16.0
Moving Bird,"Allows You To Track And Optimize Your Content And Build A Personal Content Plan Tailored To You And Your Business Strategy. You’Ll Know How Well Your Content Is Performing And Understand How Different Versions, Versions Changes And Versions Versions Compare Against Your Content Targets.",COST REDUCTION,Deacon Delacruz,West,marketing," 4,505,069.00 "," 8,478,594.00 ",High,Completed,100%,Phase 1 - Explore,2023,5,5/1/2023,8/1/2023,1018900,952748.763154969,3,101049.38271604938,66151.23684503103,6.49,303148.15,31.82,0.4395027624309392,0.711017269862312,0.14447870723233458,0.432,21.0
Ceremony Worthy Of Time,Four-Minute Solution For Founders Of All Sizes.,PROCESS IMPROVEMENT,Kamari Norris,South,operations," 4,013,283.00 "," 8,830,540.00 ",Low,On - Hold,79%,Phase 4 - Implement,2023,7,7/1/2023,10/1/2023,2939632,3174292.9002868333,3,106589.58665625953,-234660.9002868333,-7.98,319768.76,10.07,0.13908839779005525,0.749999994136388,-0.5125150356725963,0.127,58.0
Leadership Minds,"It Just Not In The Script. Using Award-Winning Ai Technology, Helps Content Marketers Win With Content That Drives Results. Experts In Your Market Segment Align Your Content Strategy To Your Audience’S Needs.",COST REDUCTION,Aleena Khan,East,marketing," 3,107,456.00 "," 9,040,473.00 ",Low,Cancelled,82%,Phase 2 - Develop,2023,7,7/1/2023,10/1/2023,1888353,1872636.4109494411,0,101049.38271604938,15716.589050558861,0.83,0.0,0.0,0.0,0.0,0.034326077280249286,0.01,86.0
The Art Of Codes,"Association Now Operates Like An Ai Editor, Working Invisibly Behind The Scenes To Help Brands Create Optimized Content. Associations Now Ai Platform Analyzes The Competition For Your Topic. When Your Ai Content Is Complete, It’S Custom-Printed, Personalized, And Delivered To Your Audience.",INCOME GENERATION,Brenda Chandler,North,marketing," 5,643,858.00 "," 8,573,039.00 ",High,Cancelled,87%,Phase 5 - Measure,2023,7,7/1/2023,10/1/2023,623367,732323.0378477733,1,101049.38271604938,-108956.03784777329,-17.48,101049.38,13.8,0.19060773480662982,0.2370057488026211,-0.23796724360998933,0.076,73.5
The Coding Awards,"From The Wordpress Blog To The Tinder Blog, The Internet Is Flooded With Content. Growing Your Brand Online Has Never Been Easier. But, Today, Not All Content Is Good Content. Is The Solution For Founders Who Want To Win At Content Marketing. We Use Proprietary Algorithms And Ai To Analyze The Competition For Your Topic, And To Help You Create Optimized Content Faster With State Of The Art Ai Generation. The Result: You Eek Out A Marginal Edge In The Content Marketing",PROCESS IMPROVEMENT,Nyasia Hunter,North,marketing," 4,612,925.00 "," 8,910,680.00 ",High,Cancelled,90%,Phase 4 - Implement,2023,8,8/1/2023,11/1/2023,1800253,1471919.6453282495,3,101049.38271604938,328333.35467175045,18.24,303148.15,20.6,0.2845303867403315,0.711017269862312,0.7171019150459522,0.542,9.0
Coding League,"Is A Solution For Founders Who Want To Win At Content Marketing. We Use Proprietary Ai To Analyze The Competition For Your Topic, And To Help You Create Optimized Content Faster With State Of The Art Ai Generation. -Ai Analysis Of The Whole Competitive Landscape To Cookie-Cut Your Kpis For Content Marketing -Ai-Generated Optimized Content To Help You Build Rankings Faster -Industry-Specific Knowledgebase That’S Constantly Updated With Over 1,000+ White Papers -Ai-Generated Content To",WORKING CAPITAL IMPROVEMENT,Aleena Khan,West,credit_risk," 5,949,337.00 "," 9,012,834.00 ",Medium,Cancelled,87%,Phase 4 - Implement,2023,8,8/1/2023,11/1/2023,580844,679152.765511302,3,102085.42007590266,-98308.76551130204,-16.93,306256.26,45.09,0.6227900552486187,0.7183071704822951,-0.21471289167205557,0.4,24.0
Only Project Experience,"Is An Instant Answer For Content Marketing. It Was Built By Founders Who Want To Win At Content Marketing And Who Understand The Importance Of Interrupting Through Content. Builds, Executes And Manages Long-Term Strategy, And Generates Personalized Content For Your Target Audience.",INCOME GENERATION,Nyasia Hunter,East,operations," 2,511,189.00 "," 8,776,602.00 ",High,On - Hold,91%,Phase 5 - Measure,2023,9,9/1/2023,12/1/2023,2023929,1975959.5328811025,0,106589.58665625953,47969.467118897475,2.37,0.0,0.0,0.0,0.0,0.10476851116477469,0.031,82.5
Meetup For The Good,"Is A New Content Marketing Platform That Replicates All Of The Work Of Our Competitor Top-Performing Content, Without Their Busy Workflow Of Copywriter, Editor, And Visual Designer.",INCOME GENERATION,Deacon Delacruz,East,retail_banking," 2,745,287.00 "," 8,957,341.00 ",High,On - Hold,78%,Phase 2 - Develop,2023,9,9/1/2023,12/1/2023,2582360,2730819.087395351,0,95005.38461538461,-148459.0873953509,-5.75,0.0,0.0,0.0,0.0,-0.3242445348984225,-0.097,95.0
White Feather,"The App Is The Perfect App For Marketers Who Want To Win At Content Marketing. With , You Can Use Ai To Analyze The Competition, Track Competitors’ Content, Generate Optimized Content, And Engage In Direct Competitor Outreach.",INCOME GENERATION,Yael Wilcox,South,retail_banking," 2,578,748.00 "," 9,069,084.00 ",Low,On - Hold,91%,Phase 5 - Measure,2023,9,9/1/2023,12/1/2023,884213,1051990.9167078796,2,95005.38461538461,-167777.91670787963,-18.97,190010.77,18.06,0.24944751381215466,0.4456597836069119,-0.3664381448358297,0.124,60.0
Open Source Pundits,"When Founders Want To Win At Content Marketing, They Struggle With The Lack Of Content. Offers The Solution By Employing Ai To Analyze The Competition For Your Cause And To Help You Create Optimized Content.",PROCESS IMPROVEMENT,Aleena Khan,North,retail_banking," 2,806,512.00 "," 9,016,356.00 ",Low,In - Progress,80%,Phase 2 - Develop,2023,9,9/1/2023,12/1/2023,2996655,2739777.5203661406,1,95005.38461538461,256877.47963385936,8.57,95005.38,3.47,0.04792817679558011,0.22282988007623167,0.5610375246882195,0.254,47.0
Next Gala,"Founded By Former Founders Factory Co-Founders, Is A Solution For Founders Who Want To Win At Content Marketing. We Have Used Our Proprietary Ai To Analyze The Competition For Your Topic, And Optimize Content Faster With State Of The Art Ai Generation.",WORKING CAPITAL IMPROVEMENT,Aleena Khan,North,credit_risk," 3,261,249.00 "," 8,696,481.00 ",High,Completed,100%,Phase 2 - Develop,2023,11,11/1/2023,2/1/2024,601500,576418.1406999258,3,102085.42007590266,25081.859300074168,4.17,306256.26,53.13,0.7338397790055249,0.7183071704822951,0.05478045127330414,0.525,14.0
Project Explained,"It All Starts With A Simple Tagline: ""Create The Content That Matters."" It An Exciting, Lucrative Tagline That The Core Of The Company Business.",INCOME GENERATION,Brenda Chandler,North,it," 5,156,291.00 "," 8,519,274.00 ",High,Completed,100%,Phase 5 - Measure,2023,11,11/1/2023,2/1/2024,1013606,825779.1420626497,1,96917.80821917808,187826.8579373503,18.53,96917.81,11.74,0.16215469613259667,0.22731537918748396,0.4102263678284971,0.256,46.0
Commission Kings,"Is An Ai-Powered Marketing Platform That Helps Businesses Create Optimized Content Faster. It Uses Ai To Analyze The Competition To Find The Right Channels For Your Business, And Helps You Build Better Content For Any Market Using State Of The Art Ai Generation Technology.",COST REDUCTION,Deacon Delacruz,North,it," 3,014,053.00 "," 8,904,627.00 ",Low,Completed,100%,Phase 3 - Plan,2023,11,11/1/2023,2/1/2024,989940,1184390.263841598,1,96917.80821917808,-194450.26384159806,-19.64,96917.81,8.18,0.11298342541436462,0.22731537918748396,-0.4246923274712851,-0.014,88.0
Celestial Interface,"Is A Solution For Founders Who Want To Win At Content Marketing And Standing Out In A Crowded And Competitive Marketplace. Now, You Can Create Content That Is Perfectly Targeted And Optimized With State-Of-The-Art Ai Generation. Ai Wireframes Your Content And Reveals Where Your Competition Is. That Keeps You Rolling, Wireframes Your Content And Reveals Where Your Competition Is. That Keeps You Rolling, And The Ai Generates Well-Crafted Content Without Ever Needing To Touch A Keyboard. The Software Works Like Magic",PROCESS IMPROVEMENT,Brenda Chandler,North,it," 4,569,504.00 "," 8,678,737.00 ",Low,In - Progress,73%,Phase 4 - Implement,2023,11,11/1/2023,2/1/2024,2943379,3343082.8948757257,4,96917.80821917808,-399703.89487572573,-13.58,387671.23,11.6,0.1602209944751381,0.9092614932954872,-0.8729799284427382,0.075,75.5
Stratos,"Is Your End-To-End Solution For Winning At Content Marketing. ’S Proprietary Ai Will Analyze The Competition For Your Topic, And Help You Create Optimized Content Faster With State-Of-The-Art Ai Generation.",COST REDUCTION,Jaylyn Mckenzie,East,credit_risk," 2,429,395.00 "," 8,913,514.00 ",Low,In - Progress,74%,Phase 1 - Explore,2023,12,12/1/2023,3/1/2024,1639724,1548082.7219605003,4,102085.42007590266,91641.27803949965,5.59,408341.68,26.38,0.36436464088397785,0.9577428939763933,0.20015065494970233,0.493,17.0
Red Butter,"We'Re A Small Group Of Entrepreneurs Of Mixed Backgrounds That Had A Goal: To Change The Way The World Looked At The Pr And Content Marketing Industry. Our Passion For Winning Convinced Us That A New Platform Was Needed To Bridge The Gap Between Understanding How To Create Content On A Topic And Actually Creating The Content On The Topic. Learn How To Use Our State Of The Art Ai To Reduce Your Wait Time From Months To Hours, For A Better Return On Your Content Campaign.",WORKING CAPITAL IMPROVEMENT,Deacon Delacruz,East,retail_banking," 4,603,061.00 "," 8,654,153.00 ",Medium,Completed,100%,Phase 3 - Plan,2024,2,2/1/2024,5/1/2024,2911427,2833519.3460461674,4,95005.38461538461,77907.65395383257,2.68,380021.54,13.41,0.1852209944751381,0.8913195672138238,0.17015550522694886,0.393,26.0
Smart Brief Leadership,"Is A Solution For Founders Who Want To Win At Content Marketing. We Use Proprietary Ai To Analyze The Competition For Your Topic, And To Help You Create Optimized Content Faster With State Of The Art Ai Generation.",PROCESS IMPROVEMENT,Kamari Norris,South,retail_banking," 4,505,046.00 "," 9,026,066.00 ",High,Cancelled,78%,Phase 4 - Implement,2024,3,3/1/2024,6/1/2024,1244198,1362032.4824875533,4,95005.38461538461,-117834.48248755326,-9.47,380021.54,27.9,0.3853591160220994,0.8913195672138238,-0.2573583580466594,0.344,31.0
A Night To Celebrate,"Is A Global Content Marketing Software Company Offering A Saas Platform For Fast, Scalable, And Reliable Content Marketing. The Platform Is Specifically Designed For Top Ceos, Design Agencies, And Developers Who Want To Compete Effectively In Today’S Customer-Focused World.",COST REDUCTION,Nyasia Hunter,North,credit_risk," 2,706,279.00 "," 8,547,124.00 ",Medium,In - Progress,86%,Phase 4 - Implement,2024,4,4/1/2024,7/1/2024,1198120,1422030.4002604198,2,102085.42007590266,-223910.40026041982,-18.69,204170.84,14.36,0.19834254143646407,0.47887144698819667,-0.4890352275844113,0.076,73.5
Fast Ball,"Uses Continuous Continuous Learning Algorithms To Constantly Improve The Recommendations; We Constantly See Product Changes And Improvements. The More You Use Our Platform, The More We Learn Which Leads To Our Clients Benefiting More And More.",WORKING CAPITAL IMPROVEMENT,Yael Wilcox,North,credit_risk," 4,426,475.00 "," 8,515,880.00 ",High,Cancelled,83%,Phase 3 - Plan,2024,7,7/1/2024,10/1/2024,1049927,1156018.1524911234,0,102085.42007590266,-106091.15249112342,-10.1,0.0,0.0,0.0,0.0,-0.23171014317712402,-0.07,93.0
The Network,"Works With A Variety Of Industries From Startups To Established Businesses. It Is Perfect For High-Volume Emailers, Bloggers, Tradeshows, And Content Marketers Who Would Like To Optimize Their Content With Competitive Analysis And Ai Generation.",WORKING CAPITAL IMPROVEMENT,Nyasia Hunter,North,operations," 5,418,933.00 "," 8,846,243.00 ",Medium,On - Hold,91%,Phase 4 - Implement,2024,8,8/1/2024,11/1/2024,1427909,1178589.9519826667,1,106589.58665625953,249319.04801733326,17.46,106589.59,9.04,0.12486187845303866,0.25000000586361215,0.5445294066129983,0.288,39.0
Practice To Perfect,"Instantly Win At Content Marketing. With 15 Five, You Can Now Generate Content With Artificial Intelligence Instead Of Human Labor. Analyzes The Competition For Your Business Topic, Helps You Structure Your Content Faster, Create Content Faster, And Increase Your Chances Of Success.",INCOME GENERATION,Yael Wilcox,South,marketing," 3,242,647.00 "," 8,531,617.00 ",Low,Completed,100%,Phase 3 - Plan,2024,9,9/1/2024,12/1/2024,2770820,2518528.4372720513,4,101049.38271604938,252291.56272794865,9.11,404197.53,16.05,0.22168508287292818,0.948023018664933,0.5510215767235118,0.538,11.0
Soul Spartans,"Is A Solution For Founders Who Want To Win At Content Marketing. We Use Proprietary Ai To Analyze The Competition For Your Topic, And To Help You Create Optimized Content Faster With State Of The Art Ai Generation. With , You No Longer Have To Sit And Wait For Your Content To Be Used.",INCOME GENERATION,Deacon Delacruz,North,operations," 2,418,301.00 "," 9,138,940.00 ",High,Cancelled,75%,Phase 4 - Implement,2024,9,9/1/2024,12/1/2024,1383195,1274863.49753272,3,106589.58665625953,108331.50246728002,7.83,319768.76,25.08,0.3464088397790055,0.749999994136388,0.2366032167421939,0.435,20.0
15 Five,"Is A Solution For Founders Who Want To Win At Content Marketing. We Use Proprietary Ai To Analyze The Competition For Your Topic, And To Help You Create Optimized Content Faster With State Of The Art Ai Generation.",INCOME GENERATION,Jaylyn Mckenzie,North,operations," 4,258,440.00 "," 8,577,445.00 ",Medium,In - Progress,85%,Phase 1 - Explore,2024,10,10/1/2024,1/1/2025,2982702,2908335.5594906723,4,106589.58665625953,74366.44050932769,2.49,426358.35,14.66,0.20248618784530387,1.0,0.16242125920378836,0.43,22.0
Wide Stringer,"In A Saturated Market Of Founders Turning To Content Marketing, Finding A Way To Stand Out From The Crowd Is A Competitive Advantage. ’S Ai Takes A Deep Dive Into A Topic’S Domain And Produces A Content Strategy In Minutes In A Standalone Ai Tool. Rapid, Accurate, And Tailored Content Is A Step Towards Building A Meaningful Audience That Can Amplify Your Voice.",PROCESS IMPROVEMENT,Aleena Khan,South,credit_risk," 4,009,744.00 "," 8,725,076.00 ",High,Cancelled,80%,Phase 4 - Implement,2024,10,10/1/2024,1/1/2025,2167692,2246361.616392435,1,102085.42007590266,-78669.61639243504,-3.63,102085.42,4.54,0.06270718232044198,0.23943572349409833,-0.17181968194290018,0.045,80.0
Indie Profilers,"Is A Solution For Founders Who Want To Win At Content Marketing. We Use Proprietary Ai To Analyze The Competition For Your Topic, And To Help You Create Optimized Content Faster With State Of The Art Ai Generation.",WORKING CAPITAL IMPROVEMENT,Aleena Khan,South,credit_risk," 5,461,756.00 "," 8,804,458.00 ",Low,Cancelled,84%,Phase 2 - Develop,2024,10,10/1/2024,1/1/2025,2661074,2365338.0490977187,0,102085.42007590266,295735.9509022813,11.11,0.0,0.0,0.0,0.0,0.6459070140832336,0.194,52.0
Leadership Insights,"Most Small And Medium-Sized Business Owners Find Themselves With Limited Resources, Working Day-To-Day, Yet Still Struggling To Keep Up With The Flow Of Content On Competitive Topics. With No Help From Remote Agency Staffing, This Is Where Comes In. Founded By Entrepreneurs With Years Of Experience Leveraging Content To Grow Their Businesses, Is A Business Development Company For Organizations That Want To Win At Content Marketing. With Our Proprietary Ai Technology, Is The Go-To Tool For Content",WORKING CAPITAL IMPROVEMENT,Kamari Norris,North,retail_banking," 3,526,630.00 "," 9,146,561.00 ",Medium,Completed,100%,Phase 3 - Plan,2024,11,11/1/2024,3/1/2025,2241910,2379706.494285429,3,95005.38461538461,-137796.4942854289,-6.15,285016.15,11.98,0.1654696132596685,0.6684896636831437,-0.30095672137084145,0.176,53.0
Gob Geeklords,You Work Hard To Build Your Company - Now Come Reap The Rewards. Has Made It Easy For You To Win The Battle For Attention Across The Web By Creating Optimized Content For Your Topic.,PROCESS IMPROVEMENT,Kamari Norris,North,it," 5,732,006.00 "," 9,081,480.00 ",High,Completed,100%,Phase 2 - Develop,2024,11,11/1/2024,3/1/2025,1057022,879747.2743671471,2,96917.80821917808,177274.72563285287,16.77,193835.62,22.03,0.3042817679558011,0.4546307583749679,0.387179808057138,0.374,28.0
Java Dalia,Is A Software-As-A-Service Startup That Uses Proprietary Ai To Generate Content For You. Our Solutions Have Helped Thousands Of Founders Increase Their Private Company Content Marketing Efficiency By 30-60% While Generating 80-100% Roi On Their Marketing Spend.,PROCESS IMPROVEMENT,Aleena Khan,East,credit_risk," 2,781,408.00 "," 9,073,188.00 ",Low,Cancelled,73%,Phase 5 - Measure,2024,11,11/1/2024,3/1/2025,2959595,3180418.375210707,0,102085.42007590266,-220823.37521070708,-7.46,0.0,0.0,0.0,0.0,-0.4822929592664179,-0.145,98.0
Skill Up,"The Current Reality Of Content Marketing Is That Content Is Now Abundant, And Your Competitors Are Working Hard To Make Their Content As Good As Your Best Material. But What Works For Your Competitors May Not Work For You. We Use Proprietary Ai To Analyze The Competition For Your Topic And Help You Create Optimized Content Faster With State Of The Art Ai Generation.",INCOME GENERATION,Kamari Norris,North,marketing," 3,678,091.00 "," 8,985,903.00 ",Medium,On - Hold,89%,Phase 2 - Develop,2024,12,12/1/2024,3/1/2025,2654733,2979785.3248974658,0,101049.38271604938,-325052.32489746576,-12.24,0.0,0.0,0.0,0.0,-0.7099359274879273,-0.213,99.0
Excel And Elevate Training,"We’Re A Content Marketing Software That Is Part Machine Learning, Part Data Analytics, And Part Human Strategic Insight. We Help You Keep Track Of The Competition, And Generate Content That Changes The Way They Th About Your Topic. Our Ai Engine Is Designed To Understand The Preferences Of The People Most Likely To Buy, And To Help You Place Better Outreach.",PROCESS IMPROVEMENT,Aleena Khan,West,marketing," 4,434,679.00 "," 9,097,786.00 ",High,On - Hold,86%,Phase 5 - Measure,2024,12,12/1/2024,3/1/2025,679078,678867.2234181901,1,101049.38271604938,210.776581809856,0.03,101049.38,14.88,0.20552486187845304,0.2370057488026211,0.00046035009331841186,0.153,55.0
Wombat,"Is The Only Ai Platform That Uses Ai For Content. We Are Building A Product To Help Founders Win With Content Marketing. Right Now, Founders Are Using Quick Tricks To Create Low Quality Content Fast. But, Big Brands Are Crushing Them With Ai-Based Content Generation That Looks Customized For The Audience, Is Optimized For The Content Strategy, And Is Written By An Ai. We Are Creating A Product That Can Compete With These Ai-Powered Businesses By Leveraging Our Ai To Analyze The Competition, Create Optimized",INCOME GENERATION,Aleena Khan,West,credit_risk," 3,652,611.00 "," 9,115,922.00 ",Low,Completed,100%,Phase 5 - Measure,2024,12,12/1/2024,3/1/2025,909446,1053155.6769344865,1,102085.42007590266,-143709.6769344865,-15.8,102085.42,9.69,0.13383977900552485,0.23943572349409833,-0.31387150612030734,0.031,82.5
The Social Experiment,"Ai Helps You Create Effective Content That Draws Traffic, Converts Your Visitors Into Leads, And Helps You Win At Content Marketing.",WORKING CAPITAL IMPROVEMENT,Deacon Delacruz,West,it," 2,906,572.00 "," 8,599,058.00 ",High,Completed,100%,Phase 5 - Measure,2025,1,1/1/2025,5/1/2025,794466,843436.5959329278,2,96917.80821917808,-48970.5959329278,-6.16,193835.62,22.98,0.31740331491712703,0.4546307583749679,-0.10695504317419102,0.231,50.0
Box Of Crayons,"Satellites Are Now Outdated. Desperate For An Edge, The Diy Founders Are Turning To Ai To Optimize Their Content Marketing. With Ai Capacity To Learn And Analyze Competitors, Now Is The Time To Enter The Game. Join Now To Win With The Ai.",PROCESS IMPROVEMENT,Brenda Chandler,West,operations," 4,286,305.00 "," 8,685,423.00 ",High,On - Hold,81%,Phase 4 - Implement,2025,1,1/1/2025,5/1/2025,852293,993296.1256526844,3,106589.58665625953,-141003.12565268436,-16.54,319768.76,32.19,0.44461325966850823,0.749999994136388,-0.307960217852654,0.31,36.0
The Domain Of Work,Get The Edge. The Promise Of The Future Is That Anyone Can Create Any Content They Want By Routing Their Personal Skills And Experience To An Area Of Expertise. What Do You Th The Most Important Skill In The Future Is? How About The One Most In Demand? Quite Possibly Both Are “Content Marketing. ”,COST REDUCTION,Brenda Chandler,West,retail_banking," 5,150,366.00 "," 8,877,742.00 ",Low,On - Hold,72%,Phase 3 - Plan,2025,4,4/1/2025,7/1/2025,1341527,1360158.2373103003,1,95005.38461538461,-18631.23731030035,-1.39,95005.38,6.98,0.09640883977900552,0.22282988007623167,-0.04069186320789449,0.093,69.0
Impact Training,"Is A Solution For Founders Who Want To Win At Content Marketing. With Industry Leading Ai, We Find The Content That Matches Your Audience, And We Help You Create Optimized Content And Scale With State Of The Art Ai Generation.",COST REDUCTION,Deacon Delacruz,North,operations," 5,620,822.00 "," 8,757,403.00 ",High,Completed,100%,Phase 5 - Measure,2025,4,4/1/2025,7/1/2025,2456326,2128712.1776794335,1,106589.58665625953,327613.8223205665,13.34,106589.59,5.01,0.0691988950276243,0.25000000586361215,0.715530408466953,0.317,35.0
An Evening Affair,"Helps You Generate The Content You Need To Succeed With Enterprise-Level Quality. Our Proprietary Ai Algorithm Delivers Customers To Your Website With Industry-Leading Efficiency. No Copy Pasting Seo Articles, No Seo Articles That Get Copied Pasted, No Guessing What To Write Or Where To Promote—15Five Captures Your Audience.",PROCESS IMPROVEMENT,Nyasia Hunter,North,operations," 3,685,580.00 "," 8,890,269.00 ",Low,On - Hold,92%,Phase 4 - Implement,2025,5,5/1/2025,8/1/2025,546007,547136.1339477776,0,106589.58665625953,-1129.1339477775618,-0.21,0.0,0.0,0.0,0.0,-0.0024661037472241687,-0.001,87.0
Social Geek Made,"Is A Startup That Has Taken A Big Shift In The World Of Content Marketing. We Use Proprietary Ai To Analyze And Understand The Competition And Recommend Optimized And Devious Content Strategies To Win The Game. The Three Main Capabilities Of Are Content Generation, Social Media Optimization, And Content Optimization. With Our Ai Driven Content Generation And Optimization, We Help Our Entrepreneur-Founders Get Their Job Done More Efficiently And Effectively",COST REDUCTION,Brenda Chandler,West,retail_banking," 2,681,420.00 "," 9,089,277.00 ",Medium,Completed,100%,Phase 2 - Develop,2025,6,6/1/2025,9/1/2025,1504934,1359503.266821748,3,95005.38461538461,145430.7331782519,9.66,285016.15,20.96,0.2895027624309392,0.6684896636831437,0.3176304075865925,0.412,23.0
Sirius,"In Today’S World, Content Marketers Must Continuously Search For Compelling Topics, Create Content That Is Optimized For Search, And Manage Their Messaging Across Platforms. In-Focus Metrics And Data Tracking Are Tightly Controlled By The Competitive Landscape, And The The Demands Of Your Customers Mean That Your Content Marketing Strategy Is Constantly Need To Improve. Associations Now Is A Customizable, On-Demand Solution That Blends The Latest In Content Marketing Technology With Modern Tools For Entrepreneurs.",COST REDUCTION,Kamari Norris,South,marketing," 4,805,056.00 "," 8,895,516.00 ",High,Cancelled,79%,Phase 5 - Measure,2025,6,6/1/2025,9/1/2025,917620,822689.1504457406,4,101049.38271604938,94930.84955425945,10.35,404197.53,49.13,0.6785911602209944,0.948023018664933,0.20733529823784227,0.618,5.0
Fast Coding,"Is A Solution For Founders Looking To Win At Content Marketing. We Help Entrepreneurs And Startups Stay One Step Ahead By Accurately Analyzing Their Legal And Competitive Landscape, And Working With Our Proprietary Ai Engine, We Provide Custom Generated Content That Will Influence Customers.",COST REDUCTION,Aleena Khan,West,marketing," 2,693,471.00 "," 9,103,716.00 ",Low,Completed,100%,Phase 2 - Develop,2025,6,6/1/2025,9/1/2025,967149,801078.7305694266,3,101049.38271604938,166070.26943057345,17.17,303148.15,37.84,0.5226519337016574,0.711017269862312,0.36270852944538756,0.531,13.0
Super Happy Fun Time!,"Content Automation Tool Is Powered By Ai Technology That Analyzes Your Competitors, Identify Your Topic, And Creates Content Optimized For Your Audience.",WORKING CAPITAL IMPROVEMENT,Yael Wilcox,East,credit_risk," 5,880,610.00 "," 8,626,940.00 ",High,Completed,100%,Phase 5 - Measure,2025,7,7/1/2025,10/1/2025,1135379,1295178.8952880718,1,102085.42007590266,-159799.89528807183,-14.07,102085.42,7.88,0.10883977900552486,0.23943572349409833,-0.34901361468371833,0.011,85.0
Software Chasers,Reach New Audiences And Connect With Their Most Influential Audience In Minutes With This Breakthrough Automation Technology.,PROCESS IMPROVEMENT,Deacon Delacruz,East,operations," 3,932,724.00 "," 9,006,043.00 ",High,In - Progress,81%,Phase 5 - Measure,2025,7,7/1/2025,10/1/2025,837144,717618.842473903,1,106589.58665625953,119525.15752609703,14.28,106589.59,14.85,0.20511049723756905,0.25000000586361215,0.26105090493721883,0.235,48.0
The Discovery Of Era,"In Marketing, If You Want To Win, You Need To Make Sure You Know Your Competition. Our Ai Analyzes The Science Of Content Marketing, Helping You Create Optimized Content Faster, Be Ahead Of Your Competitors, And Win At Marketing.",COST REDUCTION,Yael Wilcox,West,operations," 4,908,311.00 "," 9,069,817.00 ",Medium,In - Progress,74%,Phase 3 - Plan,2025,8,8/1/2025,11/1/2025,2254408,2371950.0811241088,0,106589.58665625953,-117542.08112410875,-5.21,0.0,0.0,0.0,0.0,-0.2567197339936821,-0.077,94.0
Strive Training,"Was Built To Help Founders Create Optimized Content Faster With State Of The Art Ai Generation Through A Proprietary Ai Platform. Through A Quick Analysis Of Your Content, 20,000 Quantifiable Metrics Are Computed With A Machine Learning Algorithm To Give You A Detailed Analysis Of The Competition And Help With Content Generation.",WORKING CAPITAL IMPROVEMENT,Nyasia Hunter,South,credit_risk," 5,259,436.00 "," 8,817,917.00 ",Medium,On - Hold,80%,Phase 2 - Develop,2025,8,8/1/2025,11/1/2025,1816948,1644101.807330579,2,102085.42007590266,172846.19266942097,9.51,204170.84,12.42,0.17154696132596683,0.47887144698819667,0.37750759710526544,0.326,34.0
Debug Entity,"In This Ecosystem, Association Content Is Simplified, Made Easier, And Addressed As A Holistic Activity.",INCOME GENERATION,Kamari Norris,North,credit_risk," 4,790,417.00 "," 8,872,443.00 ",Medium,In - Progress,73%,Phase 4 - Implement,2025,9,9/1/2025,12/1/2025,2726755,2763933.3659522603,1,102085.42007590266,-37178.36595226033,-1.36,102085.42,3.69,0.050966850828729274,0.23943572349409833,-0.08120002748212705,0.068,78.0
Made By Me,"With 15 Five, We Take The Guesswork Out Of Content Marketing. We Analyze Trends That Are Relevant To Your Business, Like Like-Minded Competitors, And Build Out The Content That Will Capture Their Deepest Needs And Wants. Upload Your Logo, Change Colors On The Fly, And Optimize Everything With State Of The Art Ai Content Generation.",PROCESS IMPROVEMENT,Yael Wilcox,West,retail_banking," 4,283,481.00 "," 8,895,152.00 ",Low,Completed,100%,Phase 3 - Plan,2025,11,11/1/2025,3/1/2026,934930,1051004.5100048622,3,95005.38461538461,-116074.51000486221,-12.42,285016.15,27.12,0.374585635359116,0.6684896636831437,-0.2535144609225683,0.274,45.0
Revolution,"Was Founded To Help Founders And Entrepreneurs Build Winning Marketing Strategies In The Age Of Artificial Intelligence. We Use Ai To Analyze The Competition And Offer Personalized Content Marketing Suggestions, State Of The Art Ai Generation, And Content Marketing Optimization.",COST REDUCTION,Jaylyn Mckenzie,East,marketing," 4,606,575.00 "," 8,658,343.00 ",High,In - Progress,77%,Phase 4 - Implement,2025,11,11/1/2025,3/1/2026,1291521,1443473.9119872279,2,101049.38271604938,-151952.91198722785,-11.77,202098.77,14.0,0.19337016574585633,0.47401152105969074,-0.3318752805111379,0.12,62.0
7Th Annual Workshop,Welcome To The Future Of Content Creation. The Promise Of The Future Is That Anyone Can Create Any Content They Want By Routing Their Personal Skills And Experience To An Area Of Expertise. What Do You Th The Most Important Skill In The Future Is? How About The One Most In Demand? Quite Possibly Both Are “Content Marketing. ”,WORKING CAPITAL IMPROVEMENT,Nyasia Hunter,West,operations," 5,054,482.00 "," 8,422,578.00 ",High,In - Progress,83%,Phase 3 - Plan,2025,12,12/1/2025,3/1/2026,2701857,2685656.6435985626,4,106589.58665625953,16200.356401437428,0.6,426358.35,15.88,0.21933701657458562,1.0,0.03538265739559744,0.398,25.0
